DATE,Nifty Index,Nifty500 Index,Auto OEMs Index,Private Banks Index,Pharma Index,FMCG Index,Capital Goods Index,IT Services Index,Railways Index,Real Estate Index,PSU Banks Index,Renewable Energy Index,Telecom Index,Cement Index,Diagnostics Index,Consumer Durables Index,Defence Index,Insurance Index,Logistics Index,Aviation Index,Textiles Index,Specialty Chemicals Index,NBFCs Index,Paints Index,QSR Index,Pipes & Fittings Index,Tyres Index,Hospitals Index,Midcap IT Index,Fintech Index,Internet & Platforms Index,Media & Entertainment Index,Beverages Index,Green Energy Index,Construction Index,Agrochemicals Index,Jewellery Index,Sugar Index,Rail Infra Index,Air Conditioning Index,Semiconductors Index,Education Tech Index,Amusement Park Index,Animal Feed Index,Animal Health Index,Aquaculture Index
2024-01-01,100.0,100.0,100.0,100.0,100.0,100.0,100.0,100.0,100.0,100.0,100.0,100.0,100.0,100.0,100.0,100.0,100.0,100.0,100.0,100.0,100.0,100.0,100.0,100.0,100.0,100.0,100.0,100.0,100.0,100.0,100.0,100.0,100.0,100.0,100.0,100.0,100.0,100.0,100.0,100.0,100.0,100.0,100.0,100.0,100.0,100.0
2024-01-02,99.79555604615972,101.58119109376203,98.60880670565247,98.84275500236929,102.28178597636965,100.24426136083117,100.14824568374897,98.65582471697614,99.17639481782764,99.33484823632595,99.86695136910728,100.34951279404918,99.09058956350626,99.3482982785774,101.44470473183019,99.76967597258427,99.12342649678564,99.43532016758,102.29470526180742,98.72542647751625,99.16941320689502,99.8918217042854,99.99639063373765,100.39575360116756,99.40783347759924,99.36217927430937,99.90145140534798,99.18302916341543,98.69592393978367,100.01208787854156,100.46247240911865,101.29345353194529,99.4711567351763,100.53646655697395,99.57062675885908,101.92393739409042,101.18340760315694,99.16324345499837,99.18529230850272,99.97558027830915,99.44925736831672,109.85265348785698,101.34471792040145,99.1152895522238,104.98396638491124,98.97801436078994
2024-01-03,102.74516026658202,104.52143095611083,98.92804698015114,98.97124239286151,103.25826777417491,99.43410062117317,100.47988675686415,96.43498262641782,101.14274540169194,101.43836615728091,101.3275540882783,100.34619182527406,100.19170818630938,99.01727210470548,100.784860379177,100.76592828995484,98.94231814861944,99.15831394237632,102.41368549145768,99.63587151615576,99.37857851009001,99.39246505190522,101.2311694415393,100.2776517359091,98.95106027003878,98.30364414936493,99.91527465484288,99.3810615171097,97.20152996543865,100.04708710932923,100.63710293004706,101.43417533985065,99.3409683033942,101.37466592814883,100.03887401750184,101.57037046236842,102.5309746369087,99.31229923687602,101.79303550470026,100.35512977939763,99.07839323107899,106.06191527471604,102.19446169029439,99.42444407164773,108.5441099096784,104.1540948364257
2024-01-04,103.3120380463529,105.25462903515755,98.68642778216133,100.4376158699354,103.4446845905195,101.4275901526492,101.7358359622263,96.24507583486697,101.6653946927331,109.02131409832889,102.65146653964021,102.67752200962043,102.19831986025068,100.35405773025715,101.0798885337313,101.35396994919216,100.34804063191294,100.71261104792421,103.01312440634423,100.99270780368829,99.86394108683217,99.27112856863661,103.85997556757744,100.20826286438246,99.28418543694336,98.88033175314483,99.78323794290917,100.99573178119118,97.4601330316206,101.43122007864949,100.54392856826661,102.69467134687716,99.73599248785945,102.37263952627912,101.24112148484559,102.47529127776609,103.68750439626683,99.5737548197912,102.9907066424771,100.96780821944377,99.64321717829326,114.31164243764813,103.78074801739733,99.97473019026678,110.85728074906775,106.83014434975964
2024-01-08,115.03548447927734,120.73550938647628,99.14044348877185,99.73259597087373,102.17646322235396,98.96978400897936,102.4871553663781,96.63323494130552,102.44652232231601,108.20338267420229,99.97377747020163,102.58722171895245,101.99849856130348,98.64243191384523,99.7754071251164,101.29612982050122,100.25662507540844,99.5385102412796,102.05191854036553,101.4710863722463,103.0754108123815,96.35256925014808,104.11545981194477,99.42577107830867,98.05663011677916,99.54605591098772,99.62477181299462,100.41765793242966,97.15302359288204,102.97048192228337,101.78659044838881,106.64565818905858,99.3561934787095,102.34400204725888,101.51563291261515,101.45102638851716,103.11468542540214,97.87464237907706,103.783768819876,100.41084952554026,98.94949494144755,109.16893210397122,100.93322511087622,98.11349018116468,120.68697718179381,105.79051489246481
2024-01-10,118.6506239105138,124.66319114512443,99.9495049771192,98.77409438551857,103.22106458512147,97.76865314566415,103.63510436020226,97.92745259902908,104.76147437056447,110.05840300199388,99.46571065611064,103.06449017438315,101.47059835667521,98.20013184939639,99.72904631615874,103.16283904716734,103.62078153719158,99.38017957323056,101.6164986055962,103.95253616635387,104.75991112351629,95.3437451867187,102.80196490055994,99.56943283484931,97.97663387852651,100.22190989528644,100.70360994895962,101.66341167967097,98.33535708149516,103.01705507166366,104.02012653691114,109.98921668726044,99.08136091908712,103.97400720281381,105.4729428829945,100.99192745305973,104.17919491917567,97.57328772013564,106.45833652606964,102.00624813184359,98.99090808861774,120.09313156566962,101.77801184194433,101.43869577232331,118.06682624808339,108.15741339129131
2024-01-11,111.78576849309397,117.22720152032666,102.20441692724569,99.89525962140402,103.59464419207177,98.1174594053782,102.89951764737243,97.9347575614867,106.70058203637443,110.46641391505118,100.3826733040078,104.05784594639688,101.97778145879299,98.83069024000349,99.83476201720393,104.86254748894855,103.00560055757418,99.3738837651791,102.38569494482498,104.2022781410458,104.72453825522332,95.88008083467525,105.25401392840028,100.02195826228551,98.69356036714436,99.6420865044343,101.20624064693746,103.1587245923427,98.60630477665363,104.26247773848287,107.25143722039118,110.57848816918819,100.06473151296443,105.4093360033966,106.2846905797332,102.05714523078431,104.0567467228306,97.40122441849329,109.20222687781016,104.13729929681149,99.74281731039045,109.69693222350894,106.30540114576925,103.74915925893993,116.54652322112355,111.90627011611028
2024-02-01,99.64998459196298,99.73753820077557,105.49634502394827,94.90717393891236,105.29991452106874,97.97720416747323,104.9497578766598,102.91917696839162,131.74825021752972,108.75658222646598,117.77909043499331,118.16039280426105,102.47394703474522,102.555110361386,97.67949628809117,113.1634882740011,104.31291880516112,102.88298923800438,102.56046800929654,101.44401305647774,107.57888703903545,93.24345337159922,101.65973306522125,97.91735715593177,96.79281753244418,98.2341626552631,109.61769303283508,108.46374945805945,101.55499073319089,105.0571002284195,100.05550170544541,99.06677504572541,98.97894111546235,123.84874646200026,114.05940998830118,98.46776989015686,102.29495902459774,98.76768521147856,136.81983542122427,109.15694324833801,94.61552112014859,107.37986669119309,111.68812650768476,106.1502370129904,111.73891762160902,117.54965955919396
2024-02-02,100.51467443047754,102.26662215259765,106.61395462869139,94.49716291054487,106.52739423486659,98.03427100014491,105.55142836913214,104.68993344481721,131.47419336893745,108.59625107174239,122.00307488405856,123.90256068969926,101.05823901892546,100.97751493310243,97.57588840790514,113.39192565953229,103.7244259727789,102.47645112844523,100.98283091251321,105.1163310791501,108.03631773746349,92.53302474170015,103.50479879425437,98.35427957868417,95.98784513961931,97.9647770678651,109.88185210696079,107.13234439299593,102.40226523503608,101.81401795956431,99.09082835918215,98.17759197543651,99.18261323850223,126.90928341322169,115.67449859873335,97.25338911204555,104.49758251058249,99.11985535410086,137.09910987684287,109.98926171944497,94.64511457831269,118.06208319757482,113.54790372408995,104.95848051643884,111.27511571559346,119.3453708011406
2024-02-05,104.16844893960509,108.29040293792855,107.47056170406857,94.10421978778106,107.86068070179287,97.19403478930488,105.18218557568477,103.94931014504493,128.21993130592173,109.07491577296298,124.61198085044403,127.55264834330148,100.34677895812447,99.13837012202156,96.16896514731509,113.40440081831554,102.76167232898884,104.58945592814642,100.8001650845007,106.21061747981504,106.26443541041236,90.48495775726028,102.64851188725184,99.32727692326004,93.76769526750657,97.37778109718953,109.07992291344888,108.11613840500847,102.2686413054177,102.86251677116128,97.40363818530874,97.97902559120675,97.5595008501803,129.69803452667577,115.98150159092289,94.70093321629781,103.64858812515398,102.35912153067632,133.53546519558373,108.68698551603232,94.47199086194503,105.48976123031996,114.89742640330685,104.48379914320185,108.91766530231996,115.29064240472643
2024-02-07,110.95557425983928,116.47859472508281,108.93621344967825,93.88896786221108,109.49905794892803,97.45114128404073,107.2848146381589,105.45524858815631,130.10191381662398,112.02542347210468,133.39780420768935,131.06256247680568,103.47636761367167,100.78517869794193,99.04496090977969,114.25293704168368,103.46803955823893,108.71178469581272,99.06802549259874,107.47101958502633,108.49683976190977,90.91231731067782,106.12556635779544,99.57881340930173,93.17798614881609,96.47761056692065,109.55889044228134,109.73506994153911,103.70246785875959,104.28024406313229,100.44690326907437,102.603213007393,98.28223453231269,133.27933078267608,117.55774304944231,94.55641839679694,103.87088660921644,104.31237623021319,135.44977353256158,110.11764603406553,97.88017826134444,107.03871752638827,126.43670131201638,105.36905881483658,111.95356360941929,115.4583058856377
2024-02-08,113.68693628431737,119.4660879837695,108.21100167015943,92.03082299422451,108.99591696788198,95.31357178452205,107.13941737843734,105.52773793190958,129.17442504463105,110.87533936615444,131.96505627156438,131.25628250418475,103.25917812982011,99.6961276750717,97.13335575115907,112.62781975662693,106.38231721738313,111.61457409280176,98.11990414798693,108.70452289785472,107.25328547996436,89.6067677215133,103.79035820061384,98.31011778040978,92.70781307691003,95.5745223718453,108.9130754720683,109.54648426577812,103.26708313455839,101.25423716853015,100.7307449873805,107.67406808251884,99.12646402574813,132.2754398810209,117.42317987013507,94.04337776258966,104.21522278209265,102.67825076511205,134.79314879564478,108.79218351605084,102.62108643897986,118.24867083983023,122.06073186099793,105.8349854953104,110.87679653164173,113.33674686097919
2024-02-09,116.26720755775715,122.04062764837309,108.27742631020703,92.41036260220093,108.46400016531484,95.7797642779868,107.45878850537522,105.35904500029051,123.72443839002582,110.25646067989248,130.17289893505443,126.08172726341228,100.76648068659833,100.91298431814116,96.44735728467688,111.86001909403679,103.12778314330629,108.99665386860508,97.19961672548594,106.07848755950589,105.81309203908542,89.72387064553455,103.54980539436305,98.65631447289498,92.60733019742405,94.75566972308714,106.38097357202663,110.2321806251635,102.70099092601006,99.66513407301008,99.14620218770578,107.02353036451821,101.12403018805612,130.53813694647047,115.47728666027466,93.6081823251873,103.51791110416099,101.2816043321699,129.91827280807942,108.16963669112211,107.69859098585104,118.05210897143158,120.27763447226411,104.69807158804133,109.96110364826696,112.43006403382338
2024-02-12,111.65560507591333,117.29037725673489,107.18116314599807,90.2690097708241,108.53454296695628,95.27130142652369,105.39420849424599,106.11114071459806,111.42736916559343,107.71177700186828,121.51088384574666,115.24979595765797,94.76025477593778,99.39935792334023,95.45772527237217,109.48103982497038,97.45810707909068,102.954956976273,94.80916966151412,101.84090355775538,102.76913912404396,88.63444900340566,100.90893289061425,97.29846705936704,90.61960905491223,92.6129585427252,105.60168988562863,110.04944973513683,101.93826209088644,98.49619005459806,98.21083139025394,102.06392443825825,98.6144679085933,124.26863555934669,109.35267571541745,91.23354477290732,100.76785188218284,98.22449844249653,116.51589828995259,104.97734279873917,104.906316257969,115.54448981193585,114.27537258088337,100.71411738565357,105.38113148607931,103.89938531247509
2024-03-01,98.96720157851888,99.4743059657413,111.59898916962227,93.74121752588619,110.99228171165745,96.91267807963636,114.27001306359834,104.37750862786883,122.37844895980083,113.51770110282591,128.03435777525175,119.67655903658267,101.75520016995301,99.73353320775993,97.00655612506637,112.43562588848026,107.17549410103325,108.09691554561628,97.83004604945899,106.674849030428,108.5733784971034,89.43305362891441,104.06776905062678,92.43210227914834,89.95499812751144,95.71061158128869,108.47368064190549,102.23370164704663,100.71365572437377,102.59121091882766,100.67740645142578,102.0237081881445,100.91925903195633,133.36602722371703,121.90114479073597,94.5272128313475,103.47096160942552,96.27469137453947,128.43636822849956,109.90471079574097,132.20472309496404,107.4067170712746,123.77575564889545,101.13226850351234,104.3651221968742,105.25205649082133
2024-03-04,103.18624407250516,105.83579444772593,112.5257640425928,94.17256106474909,112.01416718616917,96.72115007773078,117.20815890166371,104.04807458145726,121.4431700424041,114.3405657709066,128.13524127323745,119.3766246055918,102.30818963813954,99.43852006883648,95.34349282723534,113.55271388698365,108.99614504133771,110.01654557521292,97.92864321106859,106.35250219845234,107.17906601965706,88.86153932479318,104.51859213375697,93.91919826529151,90.09488440403543,95.38523246510015,108.86529152732562,100.83818303973874,100.53720942446222,101.47030471106422,100.10288220559012,98.68760510997826,100.64637402350917,131.50809952194538,123.66189205776863,94.3042203276171,105.11927577736608,100.3233457872784,126.80590205647175,111.76365244835756,136.27755452010462,107.70219810404326,123.21778917106852,99.5668664959559,103.65581236758312,104.8947096886416
2024-03-05,103.3757399307328,107.65325252317727,114.03995923209452,94.01298760372234,111.9905502697544,96.01266637178944,116.38134070311582,102.14720742047186,121.29780770465133,113.87283722297852,133.6975701854109,118.6985618178363,101.55339367526807,97.73287222532565,94.78976588875697,112.5066500043079,107.57015535475719,109.07208419153034,96.518948667042,105.91761247216982,106.63351781993954,89.57064714438846,104.24522973879309,93.57613425157639,90.62452964395398,95.08692244713215,108.9037652368032,98.81568179311343,98.94256099724214,97.37766489544016,98.29818281073766,96.32794949564439,98.89596653867798,129.2259095438089,123.40412276638305,93.984500647903,104.20419188561193,99.61334775607064,126.60612123515955,110.16808815477086,136.96980920005154,107.33161022181625,123.89116672385487,99.7531181807267,102.42450833072057,103.87642184062366
2024-03-06,107.00030816074033,111.95665014509875,114.48272943489395,94.37490824666932,112.01181028806506,95.79771795564199,115.01984197798194,102.85911127584548,117.9622187194966,111.75564541067008,132.28021107645947,116.65593171691394,99.02711753497515,95.8838166257865,93.48735534680279,110.80565846001508,106.13035094506051,108.54306911047898,95.54896865403855,102.780410129085,104.51396773700789,88.48048249748766,101.71342842799976,92.33336129399713,89.52892435949558,94.402470213424,107.59793384861344,98.74891504946311,99.4182662648746,94.18458814816378,96.98148356655489,93.10122141461864,97.85371761268559,126.2957350206408,119.6451783631022,92.20771012454276,102.75691542625549,97.36848903353899,122.83482082466087,108.18197241591675,138.3641954052779,114.74877355541697,121.17624112378057,98.51488142553737,98.92423455270755,102.40379095334568
2024-03-07,111.70366895257544,117.36921852127686,115.4613882078231,94.24716050852047,112.3837259480391,96.85396974916621,116.04730932426693,103.00178412126685,119.11390995561085,112.01301376098304,132.30523035367634,119.65422617619707,99.31263449542811,96.2154655928587,93.22521816793788,112.19872786033157,107.52241262693754,108.34578338342143,95.55823478780171,103.98309566682423,106.01872347039172,88.93684248594005,102.443069505477,91.72781312365039,89.40113008533619,95.26265880815686,106.13566563128607,98.73265142931001,99.69124745951888,96.38243905258359,97.4734730438747,95.46558278946152,98.13446574083622,129.25220020233533,120.5418654251515,94.10728044906145,102.91426052571146,98.12513624023802,123.94709453122762,109.62030851813147,137.17896749555229,115.73179565290935,122.22961709799831,99.36950721994086,99.01791915736992,104.79402977064701
2024-03-12,112.48855895758881,118.2405814222245,113.65364901846435,92.57442126649647,110.559603400958,95.65865973204336,114.08329954698831,102.57833992164518,113.07385557601273,106.4413408376984,125.31331596746766,113.15362373178012,94.89369739935627,93.93453952031183,90.60514932032622,110.25169346218766,101.83302622230055,106.83998509801538,91.13593729525309,97.54759387681479,101.66279611428342,86.32331008662126,102.60627658135854,89.1172479681248,87.15988659218344,91.88223539980267,102.78324202059933,99.35430150690924,97.48724455010307,94.63497144248375,93.98123879936252,89.67554800242192,94.86265287819167,121.48148561651922,113.58365907757909,90.21311173657111,98.8696446334784,93.97487137122008,116.24330343408592,106.9270929547092,135.30215088977775,101.08503747789707,116.16642421874278,93.07146759627493,94.00095269328858,96.4181231890506
2024-04-03,103.05263109479851,104.9438865918488,115.43182005122723,93.31919856508374,111.93768568453194,95.3860112891265,126.15333746790074,98.70012887659377,121.85168717029771,114.87075888119543,132.30782338492835,123.6514267428151,100.87617223835981,98.29391526124496,94.46958505092663,116.06490060846671,113.87808943557043,107.59078459136218,95.18897195712756,106.12016836280634,111.52130170677934,88.27908835433911,112.24455091511544,91.20412910934003,90.34213824031669,100.14238825115223,99.14466691436475,104.26322456859005,99.2507724241223,97.211370488869,100.21022932999779,92.23409751066308,104.07733324392822,134.03874562399287,121.66143759213224,93.95870727839181,101.01583349195229,95.64382886101039,124.66657198391299,114.55760273731887,130.31975894098105,102.20589081868795,129.30836506615714,97.42802957600165,104.92853102553603,97.48433678728756
2024-04-04,103.55419719527733,106.13857572099951,115.4760610936825,94.13156411184353,111.78265185842173,94.30069915446242,126.4317227381579,99.68642993598233,120.70087547241194,115.17090761656281,131.65545620465963,124.68017476088032,101.68183622213323,97.74571754223575,93.94610938122393,115.77762798887612,113.49934752834145,106.82304773273987,95.57162376139132,106.70301825990134,113.67345586397838,89.52117831231575,112.33117137584624,91.83337751005466,90.28382194200712,99.94002740310749,98.71629300802746,104.69945735840751,100.19850651214325,97.21207740663397,101.38014101852966,92.24953097972146,105.74589419137284,134.39745073491088,122.55032403898768,93.81416845642217,102.55951277465223,95.65151438463741,124.76723082186277,114.6056108934024,130.35763700759108,115.14773205842457,130.1050638278803,98.77314429755259,106.54022968844974,100.36455933290517
2024-04-09,115.89925443498498,121.98002003133107,115.88484741795504,95.2705389153046,111.93809296720661,94.95124231046638,125.74988074491971,97.74862169679915,121.09326535982034,118.3129693495762,129.91219570415032,125.47357514707029,103.05005542976728,96.90915412252784,95.43202939584882,118.61908520659111,114.70283101189382,108.13054656188064,96.51901176172765,110.6098835012449,112.74333499628676,88.97915773120437,113.52397816552724,89.90253386479202,90.3514875143416,99.6148001354428,99.71959573046726,106.38978272036347,97.9534575992181,99.35093653520273,103.15100249758994,90.67544592222396,105.9964737385663,137.13351625606262,126.48145837320294,94.74748173691407,100.66335351557183,97.41883332781892,124.51967943917522,116.9934202452309,129.6218950613291,102.92829989311306,134.37580889547576,100.24151274458134,103.75504347212232,100.43565142124825
2024-04-10,115.05250231120554,120.88112175453915,115.82139654977522,96.3187219827865,111.88524139160033,95.80073019709904,127.06073545677498,98.25976791604228,120.59087136432511,119.38656534698946,131.35893766685984,125.7450285314851,102.79820349496997,97.39858984058867,95.76519874641197,119.04533770702619,115.99404783576873,107.39160099959695,97.31459329717316,111.33750089180388,113.81685569288288,91.87526875453798,113.11295151682414,90.69456378577375,90.2587399905944,99.16779289915216,101.46306629386058,107.2071588972591,97.87147959980048,99.4595873079745,103.31908356618406,91.23483189521137,107.07709777113502,137.89149947263752,125.82398556222117,97.63576519145975,99.94723799938566,97.53353481881857,124.16038533346024,117.40516436419708,129.8080144727814,104.72629668048648,133.3480118538142,99.7005139946269,103.20385248690182,100.09356779596062
2024-04-12,112.53593292214572,118.6445465985259,114.7500853607591,95.39627202829485,110.7259744411601,95.12989956421369,127.82792904691792,97.56599620658375,120.55630978522302,118.88471340102137,129.6097041360952,125.66192244740674,102.6775988995541,95.76318750944122,96.57358433435112,117.31975452498162,116.24181325900804,106.36848517437039,97.37187185928663,110.331801350112,113.91758537329672,92.51299605590182,113.26737074121966,89.99651220005025,90.97557500401207,97.88086243354047,100.14992747492474,106.06746065637617,97.58605134958492,98.0923393455746,102.41611601342773,89.87793166760936,108.4635034331805,139.60980288253444,123.12090634343657,98.18008550686557,98.96950197896459,95.54734045645553,123.57888667502306,116.36191198597207,128.70345987389186,116.16991878073945,130.5196156081459,98.74602942549073,102.14367811749901,99.09664340375346
2024-05-02,100.13706253823263,101.97231567323249,118.69868559919216,96.47935427618302,113.77866280246342,96.82181564583631,133.71745068903718,91.35309513869785,129.26342947395736,122.29459174995566,135.05997237464067,130.30146229120805,109.02458856499852,93.85678403108577,96.42891117819816,123.52094425451736,124.5924680428406,105.98126039710884,105.04821634666108,123.4863094372385,118.0136993423224,94.15307795597917,116.47088395370946,91.08189618138141,89.6730227980612,106.31409826440587,101.48443977730449,103.10372151049786,90.06119267930697,99.35589411212406,105.41494763223344,90.5289751000018,124.5822006994871,150.9065573060595,124.14372402707701,98.60211558909508,99.01224067839573,99.65791958097437,131.17291539757088,125.31005669882184,152.04681241682047,122.70050273752913,125.24510086957568,106.63656690066716,103.81849848898355,105.46027486480352
2024-05-03,102.82587998289017,104.68681784329337,117.75793376052718,95.55561101238439,113.65622441265168,96.95447059653345,134.51039801632842,90.62137915035913,127.97738903174914,122.16636953534814,133.5565582261125,130.024616553211,107.95026801260008,94.49570430354711,95.4539100140294,123.03304019653638,124.11128547775085,104.50222276868502,104.85534274738852,121.12685019383844,118.4698842341085,93.21008787905245,115.99952318017124,90.9494863540017,90.52534713183506,106.86707514577112,99.603690176157,103.369010759338,89.40980662699567,99.15848068262781,105.01025273192106,89.76692279737493,124.48966860988078,151.46070750389163,122.97555949188353,98.12916981366301,97.61347224271044,98.28990456547942,129.219836333869,124.7063277425207,151.50813331633577,107.18275799502271,125.76424736678435,104.89500857778683,102.61684363516406,103.96763221300318
2024-05-06,104.04035525874002,108.14042476694317,117.32923205524959,95.03692671666128,114.03661564756479,98.305216350335,133.80747063253153,91.09405619592553,124.77671009144498,125.95060013572022,129.1399269411375,128.01405508227955,106.16373555203873,93.46549802648578,95.75430813410735,122.2502766904003,120.82326835680308,103.39080911076475,104.41441387527998,118.8103059271483,117.41773410765306,93.2860160091905,114.34116139096801,89.77609706070994,90.15290275673958,107.36214685586857,98.25936792442054,104.8638707369883,88.8139595034025,97.90406259852205,104.1135639777319,88.04011519274567,124.83470855173158,150.80646559034278,122.01215178095497,97.44223011240122,95.07412003733701,96.53477551780934,125.7125035634828,124.17079651364679,148.36304380522833,106.1475494729439,125.19048406525262,107.85866119374236,100.83106613295779,101.21337834816458
2024-05-07,111.87545706676968,118.07005829630961,114.3163481122291,93.54934396563827,111.53481268537236,101.67507506890387,132.9971375981208,91.29177616216326,121.67177202951352,121.62264082431861,125.08273676034976,123.05692243620692,105.0013254084297,92.00379470113135,94.22855428167337,120.81129981322306,117.88153397640376,102.42318759429448,103.20132731075883,115.16032308803982,117.97613426062836,91.20919685803617,111.86820502156327,89.42312490074163,90.74843916059376,107.50875088036764,96.25189118713602,103.29480300579343,87.99063652901496,96.45008266920378,100.67563574743701,86.83056714672573,123.97375380918908,148.28900015607968,118.71148299048443,95.63818532822265,93.27127102614602,94.3753520959646,122.12480571851917,121.97228911910572,144.51324574270407,106.24091407903327,125.18468169105833,105.20883010864986,99.97773043411196,99.56773154813082
2024-05-08,110.64166425197428,115.7834048126557,116.35824154432525,93.00954907398591,112.1278390036715,102.56886316868199,135.6809166026589,91.1184823543752,123.76667137469705,123.04556738902022,126.58435901122759,122.90050067427525,105.06749540595163,92.20141302335169,94.34244045615802,121.04188973938341,120.318473596004,102.83893577058656,103.015790068944,115.41901257085503,117.52036133815967,91.32595087833229,110.38642865403011,88.91919291804597,89.9535701801595,109.15851785666787,97.09561429433134,103.6098318119327,86.29050572880703,95.52757795932095,101.09839423271544,87.253883088429,123.50443098611738,150.21264376900947,120.37966484554028,95.7708411702721,93.61937886100779,95.19223021514169,124.07273809822615,121.23997879995129,144.1519281241395,120.08277287136603,124.38278062280938,109.50918234674457,100.16828130959341,100.97347058085013
2024-05-09,115.65272584272763,122.05141374971109,117.75332109098535,91.64689626586521,109.5479088573823,100.46812995299878,132.64236132432922,90.3812355534785,120.21324027650046,119.24071863762406,124.17719320570117,118.23827545741106,102.19176063142477,90.26542463843441,94.63582977921712,117.92880287814364,118.03288036949763,101.08849044037802,100.97245633533923,113.8105008040386,114.19788883983635,88.61784501299093,106.54715552287236,86.4159121778789,88.06842196411345,107.2489909878052,95.59044793521345,102.45561104663328,84.48236192022213,94.37489489425585,99.72250861507564,85.33523511001374,118.59115742456376,144.6617433967032,117.18963454368021,94.2869038216285,91.95379652980961,92.77625033539128,120.12485154897644,118.78328754264187,139.78387793982742,116.83069720882843,120.79963198499254,104.39017378460207,98.70378491761346,97.45564901717225
2024-06-03,103.36746098547044,104.67423405839904,124.13000986298152,96.46865305043903,114.60367910502137,101.59284563229238,155.9719180243642,89.37072205292259,158.7957290756479,133.6162747079731,142.36362172931723,136.95021770086936,110.45600348304256,96.32948315492504,102.37174772669452,122.38337438174328,165.45650997281047,102.26488742578985,107.51475329500583,116.72651354714884,114.72065948932406,88.64097287900715,111.93153163805069,86.3749340228751,88.94758516818369,113.28897150884836,100.00832994517089,99.5541299103751,85.05744378688655,99.98547841516204,98.7733746203136,89.31315769662258,122.16966056077798,152.11544606179226,136.64453656733758,97.66305871061152,90.01467683648794,94.39801611282915,159.64849518113158,133.3811837825244,143.78567278095824,105.85312797738241,114.98995543511899,111.09907869855336,96.04500365573112,94.15257805188926
2024-06-05,103.22326935548412,107.16736433909449,126.15255864513556,94.25881440147627,117.2832241762553,109.44431262817722,141.95510572929805,91.32167971667874,132.73925918647595,125.74700927173524,123.94229407660774,123.44759098202678,103.45407012713046,91.20375267849543,104.34433202809934,122.63041818037861,139.48282805700373,99.64759745503221,103.11007619899614,112.74568394819,112.54072506550746,88.41397774415545,109.90254554447726,86.20597639633154,90.4524803102439,112.33827157350709,99.45988866655084,100.9575483629102,86.90955156292846,96.48073428599788,97.28944510941709,87.19147518780855,123.76864987743693,140.5341505254926,126.7484652186017,99.22740886292748,89.35086727952857,93.4984405238832,134.64767315901437,131.5494106939743,136.86393895530517,115.94735857998003,112.75955990083696,119.10963279604928,93.1321439084885,94.29611470959175
2024-06-06,104.9650674504068,109.73574051721924,126.87038145538268,94.27687410008868,118.00120909590001,108.9589120450315,146.75658481139223,94.05561901217631,139.83957380055753,131.1480158704231,127.56659826776061,127.74698463052974,107.16624744560404,92.99867188488209,104.07879889523267,126.34476750581442,149.70837192072,101.40358210485773,107.72343175851118,116.38112394997022,115.89626847505045,89.45227426523037,113.10973623265157,87.37786073848834,92.77609068046512,115.29507127667644,99.75475665489228,102.12957392779352,90.55049267411022,99.15757956930241,99.78245209444688,89.76545055633285,127.51482176335905,145.33330548357696,135.06401760245748,100.45146191441185,91.31226040216691,93.62358560509132,142.15491998089965,133.05429597079052,140.2342745338644,119.62953165509676,114.38963846140095,127.28200673457313,100.842306450764,98.6189679936278
2024-06-11,112.61228319512094,118.2937414931046,130.97039689994054,95.50252963311733,120.81789217027223,110.24363801195473,149.38672036886894,95.68305849311578,151.01260752211164,138.1508202309672,129.14477644858096,130.05988912996872,114.67504575384778,98.49137000898828,106.20781084440064,133.63415871876896,154.50080258312926,105.38909708088022,110.67186961248734,122.5580848365305,120.23685767894051,92.81372627815071,114.70845844856142,89.23252043987179,96.22804683520019,121.83417376297491,102.931308565676,104.20092455467959,93.68953461588583,102.73899582165436,103.8447947085746,93.85081770085503,131.67351727376837,152.80554902372484,135.1904202629922,107.80335463756744,95.12889584721741,101.50555634883052,157.50144113864715,139.88916912947397,151.87661092244747,105.89847248077214,116.78947825729458,135.64691670922375,105.38887004446553,108.0700273906424
2024-06-12,113.50341966433474,119.73651095302908,131.0491965515536,96.32708948837126,120.85712364912088,109.59991539424792,152.56177202162536,96.03305985815638,153.2582876862272,138.71376671336245,131.1141253539866,130.98520769409313,115.24527973678346,100.13831467985091,107.36521290041483,135.7958324787222,156.39116297277786,105.69889446675936,111.50321307836607,122.89565847214442,122.59469962688009,93.73679643449034,115.75269088241117,89.8115546782142,96.08545826288986,122.2698166628583,102.66321243890677,106.38737189826344,94.1321557590049,104.8693636915002,104.31622037335345,96.16890054101943,132.34794129905433,154.53266203497833,136.4640323675677,107.35514676148637,95.0974347814587,102.68795360585406,160.22758416886558,141.46907338439826,151.1595944419404,120.04832642225202,116.89298797456304,137.1194197582949,107.05292414569021,107.65295831748168
2024-07-02,100.86744948693536,103.28744960065744,126.4381707665192,99.71385554297353,121.86371546694687,107.62569949207652,156.9655676994552,104.32646654886955,163.39863280209892,138.81443598820968,124.37440543353105,130.4500083157922,119.32372725361738,105.08632832171232,106.57113353887614,142.39626762378947,193.64212679099575,109.88943588744425,116.52580511503089,128.84859993131727,131.08132226443482,99.55791823909469,119.16701461338198,88.72185272149727,95.95689732328093,121.63635936020695,107.49390198156479,107.01488438311914,100.2843576555518,112.41202014164219,111.5543877789945,96.46314515172766,130.84079948939004,146.6794753524487,137.80399725573628,114.09929198658816,101.64571824292486,108.42046274264727,168.1771566703577,149.22554452718646,187.71348600319394,126.73989830541714,118.51441933847502,144.30126648924178,119.27401438675258,105.85613670835562
2024-07-03,103.45714955914616,104.95801124836281,125.90553929481723,101.70082897667503,122.97536327341281,108.72851542345714,158.93107674484736,104.8661328781222,164.4188696633283,138.201324867746,125.17039004076655,131.93682642383308,121.19556024572091,105.08142744004041,108.30069876253374,142.58799961688158,201.10725623925953,111.44408160630064,117.05757454033541,129.57551748861692,130.39766146810553,99.07533818439394,119.9397916194907,88.82636789091264,97.52755632188668,121.66978193627347,107.82302480337421,108.47027954013474,100.66164189806523,111.79334683376403,111.46980127559918,96.49780401759992,136.07407943973007,149.5883479802954,139.56379913265218,115.1347116164161,101.30334919882796,108.23752566037587,169.68594382412846,149.55788677587492,193.09161635505376,126.63060389700753,118.42425212706046,143.44501429655452,119.99821558496133,106.54485597512232
2024-07-05,102.57843150782591,105.99167929325355,127.65807387988018,101.28243930918255,126.7344131770131,109.11788866568287,163.89480444418732,105.94006006258361,178.61743621088246,139.25749969900428,126.08006104672499,135.30501831916828,121.93516730612767,103.96798429752087,109.04502576259452,147.16034376773956,218.42370128845454,114.77336967624993,119.22238967094866,134.62265519961954,133.9688729712147,100.78889549328177,120.13452455842373,90.78758149557909,98.4333359700942,120.70114799889238,107.90769166769319,110.66947722065613,101.75846813358343,110.93526816180771,111.2629274630917,96.25364586609082,136.44776025060702,149.90385333350503,141.6497789895573,116.19577645772088,102.51881246139702,107.83191455868038,185.2076228407943,151.4267782510893,192.28542021657788,127.73715416524085,119.18873838081088,140.8635202004338,127.54494902648317,109.00541131082875
2024-07-08,111.75426250695662,117.35740517219241,126.64657673350801,100.41779881686415,126.26408485489655,111.68484694980282,162.8422942143642,105.48103267360148,187.0532746018086,138.34106261915193,124.20162122211039,135.91682332102647,120.86171875297052,103.00991813677408,108.78111898767504,145.63577989514374,214.95804328008344,115.04916491691381,119.04289295929334,135.42151977343462,132.8509321052736,100.21884307364975,118.91018311414427,89.78642908858235,97.9898219837027,118.2753839997024,107.07006205549946,109.54814162259358,100.63866190847153,111.54511745929264,112.08266837978161,95.5491784576899,134.47223830437957,150.65208321013586,142.56867464776255,116.78995096738292,102.44368344682294,107.86575004612828,194.0455282034431,149.89450068158112,191.21001485501102,114.64562222068868,120.51487165148492,139.46362622525032,127.84997430971224,109.03443808913917
2024-07-10,114.04592054972196,119.06802948201032,128.3216830209316,99.72864553451741,128.4716444638484,113.56649658873428,161.56691560317665,104.1984025868042,183.8945091518287,140.2297792078129,125.72869984285737,136.26580788226244,118.64500388419037,104.27220339913345,109.91232754882586,146.20313239811085,208.44983690060607,116.86730795639755,117.95301012211095,131.2167518551888,131.7054744785739,99.70747729576416,118.442186022705,93.43089254473648,97.57558701416927,120.05568373057598,108.25387963136109,109.53206169077737,99.3772262690613,112.80486739184848,111.60108213921063,93.13303128426082,133.71917817339818,150.54269473269443,142.43837296819686,114.97301064930461,107.19499320651738,108.43482848943319,192.70098302773764,153.91524594818674,190.34102252043468,128.92433540356691,119.83846866849551,141.55593941941157,125.90339230373422,108.00853070359231
2024-07-11,111.30283001945551,117.13834459025657,128.81310253926736,100.15187551469967,127.69509487883705,113.11226389350927,160.7671186256084,104.5705109823229,186.34950768838627,138.68006565644333,125.35334870236181,138.07356972059804,119.19262699326524,104.66734249285987,109.86179358669499,147.26189371124144,216.52684218061677,117.34836471406017,118.56762177570879,131.91366515696492,132.69157755408696,100.22246163213212,117.61573460819776,93.09255434747901,97.58936958241013,120.04076678695081,107.87313730308824,110.03304149187079,99.33837656487266,114.80194814211907,112.4202346808866,93.86219756590383,134.3140455372764,150.79548727826582,143.93526027175443,115.35667319688169,108.99581159772778,112.29869482636443,195.34569089588894,154.54796488134943,196.5885435610527,114.50860066866205,119.67712609478187,141.12335201872287,129.11248891300906,108.84744684404947
2024-08-01,98.94719412746815,99.73394283366291,135.47371158431758,96.89828307582445,136.16981601992313,118.35034973968092,157.51499948788063,110.15301548063383,172.35654650422552,135.03729633949695,127.69041785293582,140.48566169696662,122.07758944525092,106.19423862239012,116.73642638871965,152.04844603864493,195.03382829990358,124.76934025315214,113.83246814092111,142.32038943733426,134.96606541240882,105.00859421207254,117.09725107948992,96.37164009791472,99.8102931271075,112.21704904874343,109.8610364839693,112.53170600045787,103.21540173668001,116.89899993154276,118.63949538435719,99.02339838884056,143.78369140137508,161.90928925507458,143.36334375011867,121.03007296230791,117.86590899082026,110.80558692986517,183.13019594267206,156.02580934203118,194.40216496858795,130.23305262924512,119.25310334134592,150.621780726392,139.3796923830242,128.51595111474947
2024-08-02,99.88984403387008,102.66082847530753,132.63562795758915,96.28410788671934,136.84662709169066,116.52164234337913,154.40644335949986,106.88982214567199,171.4513319291565,130.7518020882333,125.95269961202175,139.53889340472188,121.08383907476839,104.95281982070648,116.36174272995348,151.33647313040638,192.26842209268636,123.7680987321827,112.13106396272354,143.38788446114492,133.66596291137176,105.14876960889349,115.96146902707892,96.16155967971228,100.09351538991933,111.0249595787182,108.94572121530561,111.64427231170423,100.73466403565538,118.69604696031335,122.76072270298248,98.54482210291641,142.06609993433614,163.93197407609438,142.54498996190173,120.55367093460457,117.01099008547065,108.97372290924633,182.3840625489034,155.41898523426332,192.14705888596967,130.07492259129012,117.90133177453988,150.45988410113344,138.04246060275906,127.2032190126154
2024-08-05,102.57843150782591,106.34530932997765,128.22253929989822,93.70836359373551,134.62877952664812,116.3224423040114,148.61581824627055,103.39458720027125,161.01851705788377,125.79412165915714,120.05221310930331,132.71457818368933,116.23053257010224,102.46036462556211,114.71330146947267,146.76614158122482,184.03466596657273,120.18504531852088,108.54520345010832,136.93548933917012,129.66928862276546,101.27543344205594,111.89033369077828,94.61384876182876,97.51397613744,106.06468910623448,105.5363453865981,108.86082130107735,96.88771289917639,113.69780193105997,117.9923137575555,93.76671379892592,135.63311983265578,158.65387134820298,134.56415225386266,118.00232835512898,112.27158585656917,104.07790590902292,171.02273047230003,150.7074335910567,183.14888885013528,127.00746161890524,113.26454504207246,142.33854226837389,129.85104115730485,120.03553832369423
2024-08-07,111.86027900045532,117.98531035722542,130.4384320201028,93.52047972294527,138.4012563780866,117.99939920024336,152.48161624211218,105.48100359196964,162.1903483749286,127.62564441062281,120.243343002443,135.41675614407694,121.03313761114673,102.66185294743502,118.57660297206417,150.68677997960913,184.80575878399512,120.33089130244502,109.70397117081632,139.59075544936,137.81277052401134,104.97987047619847,113.29313727102979,95.89718652272194,98.80362991636396,107.38177024670956,106.9473861566064,108.56918999781982,98.86304975635719,115.72525785715064,119.93137901216485,96.33926266090316,137.07021588431252,163.2254445348992,138.08795100518364,121.94310317962947,113.0750737395312,106.12756121663472,171.67043577216262,157.63369280396128,187.99842873610564,144.82322359078813,113.55470280145417,145.80102049720205,132.16610555013963,123.17123400940014
2024-08-08,110.92406827370192,116.62189578571613,129.5733541650557,93.38828446235301,138.55095390090787,116.99028346028639,152.11833152387263,103.48048831646453,158.59985133752815,126.76363661894088,119.29026965154947,134.42286772685353,119.65814469747704,101.20567420932016,117.08363919124903,150.7475809518976,182.39636612859152,121.71141129984719,108.91794006556667,140.56771802526,135.09626887488633,104.46104578071484,112.07987194627236,94.55745300567865,97.44851439079729,107.06623836311162,105.45455249211257,109.0114827332012,97.35598863539457,117.02528919612644,121.78497597095004,96.12185380384702,136.25275854324252,167.86518217965656,137.3767250707855,122.2640228614224,113.24387222782595,105.78243322520304,167.48163290338292,159.12164890628134,188.16319684920876,145.6867286981355,115.04326014523875,146.1615032803028,129.79857406045554,120.05440303003891
2024-09-09,114.69282813369577,120.71265312411721,136.49724931348132,94.21110914006167,145.300531526405,121.23178439110049,150.25281332915458,113.78439845364483,154.31906812097128,130.56237189216466,114.43083107068637,139.09777296445455,122.0839379871107,104.00136232058306,127.04897697358487,155.28438579274422,165.06648184087481,128.06489075621994,113.33930290322161,143.36321495378874,133.1708908996574,100.47911960730889,124.06054465497166,101.50914781618428,101.45934881101873,106.40843283988447,105.6951800576937,118.69867810856977,106.31047815773195,129.94826890692931,125.45079951713274,93.05972096879111,144.1357610474584,190.23755887716993,135.713358288209,131.61643484008405,142.84244970008552,117.58194254240209,162.9198682312119,177.93404363179752,189.29327639461994,136.30712702866703,124.00919000924368,141.02298175021514,141.83727324321777,116.84220846291225
2024-10-07,111.87821671519048,118.01869590898586,132.73082761365018,92.11844850521533,140.4664350992334,115.83999928917004,153.7721104577268,113.47763082192576,131.66602418357292,128.64025100099184,109.75583631599768,131.3150915834261,110.39609776449352,100.52954092472365,128.48595230219112,154.2871990193866,146.224847329283,119.55086429426653,106.27432554577854,135.43873938511223,119.15160739521353,98.68788705979523,121.97019676818685,97.23092029894634,103.27541090822871,105.06027718271969,102.05683031978108,117.89586805693129,100.88062264060706,125.92228594609358,121.69365127996018,91.89373915612929,139.47102770298613,169.44582103933186,126.25125375836336,120.93693421749349,147.26050362173777,119.11728823839579,138.62571981999918,177.0630518218084,186.20662839791592,127.48675499839344,113.33987749922603,132.30651856877822,138.75818240916914,102.84119187895254
2024-11-01,99.56443549091846,100.58989701841341,120.13884455161319,92.51780987119054,138.8746087193659,107.28065044820862,148.18858088265702,111.05947208592832,142.5850921061214,125.93420254032371,114.89445955631547,130.86565266537838,108.98599973674018,100.54254568977134,133.75918921095922,151.52552877310274,150.6614003277517,117.28256936576238,107.8871755781158,129.57594522106254,127.90697007989398,99.45292792473676,114.15922662762834,102.10871488743597,94.62521107548093,101.06394105123478,99.67308162384452,122.47815146613875,100.52687493179027,129.09883181544132,120.58603011050238,91.03431725610048,144.69402799207026,197.238063464033,124.79439816274622,131.56709022136187,149.4300116128004,112.77437727421253,150.72031191115877,182.9579863340313,196.89396371123252,131.32386278361838,113.37584788905772,132.73630586050862,143.02470512341208,105.90367322731021
2024-11-06,107.00467760407322,112.23708877988649,120.67199318574289,92.64836923642247,139.60626225908044,106.05686152448472,149.42753754707945,115.50395349719406,142.02215127574792,126.25081213602758,117.04021069941192,132.05559817750876,110.54870509186676,100.17258285345267,135.26018781345766,154.41420020763587,152.2094261056099,114.9310850173473,109.1987291140444,130.23139956128693,127.7302102684764,101.83069068111615,114.25038731293596,99.7849434709093,95.42163620530472,102.3684251120394,98.62843748175494,124.0955844604814,104.72933981646246,129.44026383947627,124.45687787877644,88.84446130592877,149.71705525035395,201.2218188149645,124.28179958779404,135.03440729451933,149.17081591575814,112.46911098741536,150.2436343965319,187.82705357017616,197.02901609586968,154.4547686457533,110.62965381084621,132.68293545698765,152.4597790345472,109.73194086827394
2024-11-07,111.83912169589594,118.16045609799943,119.41818454837158,91.93087882079661,137.1590215807875,104.51526160387674,148.1694621197704,114.45372769655756,141.98840887720374,125.17269591740198,116.68307605109901,131.47682058098465,110.19669214301112,98.57820241888389,135.45566802776827,152.8962336804292,150.9909918579932,114.83319348933688,109.26484392186717,127.76788037560907,126.35498809051803,101.1182119390584,111.75760716025725,98.26543596172934,94.80694878129462,102.1354509546121,99.17141725102839,125.79052402147575,103.78481048054077,129.55675719083825,123.234017137136,88.96331700620348,148.76308173137917,201.0124783718589,123.94771864309213,136.42581453413473,146.95562224276577,111.91486201925697,150.05254128761862,185.4824619653127,198.03571988977694,132.57160340606444,110.07053285264794,132.11292813502465,155.05702243488165,109.16157800237266
2024-11-11,111.03583403474396,116.03482369860552,119.78152050316824,91.8722152360995,136.08697616137823,102.93308761396514,147.4693969061669,116.1039945505262,134.32205964650748,121.16614990662353,114.20714343462608,127.62093211908329,110.40388105280881,97.30084620103409,137.3920430699003,149.75532270073072,144.9080243435942,112.71991333062763,105.78345307882597,124.84514063439978,123.10968513490774,95.0536222181956,108.90257456123464,91.0075363290445,93.1490135830354,98.91281344739777,97.52471585376959,123.2255992150401,103.07159563086014,127.09936073175763,122.78122803798699,86.04281798738121,145.75110411396054,187.9991820930877,121.02673437382165,130.43395534632037,143.15194580169504,107.89123115711907,140.43088071290367,181.229083430234,191.75953399103662,152.8984347126266,110.20647437381231,128.93069851521074,151.40619539756543,108.82730001637728
2024-11-12,113.33784075908729,119.97303474665503,117.75853442065876,91.17830099625644,135.02978146377237,100.6281333506094,143.45261499836744,115.80568646750619,132.24057392147932,120.29360879910594,112.2913963497987,126.13538250729638,108.22535551675317,97.1566498893268,136.71567678842214,146.84215644789117,142.63344338097096,112.03901171251964,104.6431886701299,122.19722895699933,121.41723854390025,93.81597189812628,107.62306378550328,89.73709252467476,93.55747742041596,98.69424429101024,95.95993079105843,123.22156641958134,102.66824036512298,125.51548392543982,121.43593735441829,85.27681231878735,142.09740361055785,181.13638380916797,119.810809009394,128.09458892068716,140.67283599596215,105.77279659934051,138.79686843271443,179.35315788757902,187.15127351382185,149.61844889425547,109.97752869839931,127.75829552168634,149.7280156889053,103.67534347926392
2024-12-02,99.42116374373904,101.0565243072498,117.97647892616067,91.6479341204865,136.93364499160836,101.43853046865249,150.93715898641858,119.38887553223236,137.44665839952413,128.7914490712386,113.59950471729346,121.22669733175293,111.42118536933462,102.43829782531108,143.10603037725951,149.56392951528642,158.2666240489762,109.69068053406502,104.08841519516223,130.92368330351422,126.24245870660388,96.72094235658236,108.74291203651781,88.9518323895306,93.88489968241542,100.19524957121604,101.02443908664513,126.74156515871215,107.42220887492523,135.23194500470328,129.35825822108242,89.93217178722719,151.8504093658375,176.891555620343,126.849044496918,128.26301340778633,150.66632466459282,109.99154564075309,146.92943962231868,186.23888787626666,189.6534191797826,144.13448447463549,111.97108309606077,133.20238078028825,147.96675277911126,102.87541168185493
2024-12-09,116.77406298437577,122.79385705847608,117.33529780648415,93.72016897658546,135.46819854772468,97.92081928916457,154.09132740406724,122.93603557295124,144.4616900987937,131.06084766208323,120.55842808240678,126.46218880754411,115.08069387707094,102.73939891345665,142.1744595891331,155.7972742405716,164.07506870236318,113.00577738979992,107.09281233171022,137.23002076138798,135.48947565759156,97.43301680148976,112.52210221599455,88.56326934114593,97.90954921666446,103.56028679730342,106.71737357846476,133.79638913601335,110.13494887373284,140.9572239258722,133.6119991072174,90.38049769044349,155.44958372741016,189.00855919747522,131.9721990455906,128.95399492161815,161.54044389276405,110.6240249529762,155.2519513250208,196.9145951239224,196.37393270865033,130.56928059699584,117.07218919634329,142.3762215521768,145.5249545946861,108.83648355026625
2025-01-01,109.20342748333863,115.47189193353707,112.46995811369004,90.02619896063302,141.3754321728474,97.63287089351968,142.4593463694119,118.48175928947613,135.3370555874825,125.37128536369735,109.618731201648,115.42965936692046,108.10355686184701,99.8500213992797,133.8214423207276,162.10764127819388,152.587678007948,111.12356826195538,101.82696881716453,129.86336648952752,131.15926591860466,93.12925040016466,109.99279620627125,87.13852169081652,97.67376861632688,96.81618150067546,101.78021611050353,132.48827282437227,103.52727718366548,137.2406597276903,129.1767096066731,83.85215963959024,165.36011404056933,199.71331606857547,127.81906677995676,117.35616793413757,151.3546005750684,104.81755699648139,143.4187531859522,217.74583587401116,196.7607214313995,137.44877854013302,111.18813506040681,141.85114766131113,139.3767211965887,116.19840851384863
2025-01-02,108.00413027380311,110.84902026246179,117.15798696897599,91.3348770826464,142.63795792690925,98.69413387273238,142.8967964220945,120.49251941682321,136.34211541575522,126.10163250980777,110.35130279510688,115.42064224311441,109.08637658246293,101.75458656986117,132.26464899445386,162.06189870239538,153.698090681039,111.6931562068445,101.9365311914298,130.59972294666042,133.41105253216372,92.92472344124108,115.37640472858203,87.44928489081337,98.36786679956242,98.06788749576309,102.00979890377687,134.1135014081518,105.6317151156571,140.98590058803356,130.16552496495765,83.76225126953513,167.51879726895132,200.84451162117313,127.97659269927097,118.05641846963184,154.46790341530271,103.59603304892471,145.17421917166743,217.31983630013227,197.80374006930566,140.27044726436534,111.95922437605365,142.12746992765878,144.86119540629366,116.22830111261591
2025-03-03,101.73581885667764,102.19548524615425,103.96852904047732,84.75790616072868,119.5462705960474,91.04940920673252,112.3936068052072,100.69614892027961,91.56656677563984,94.01860332792397,93.30071257239422,90.3901978020754,85.22909515233258,87.95836518647745,104.77953812055311,118.56677494044607,121.74257818558851,95.76763143355012,81.9543582752896,105.4771996944293,99.44942517246805,80.8524193539384,114.35047534564622,75.82741263801876,82.85567389414767,74.78033321288214,78.54981274925106,120.0367991228746,86.8470371059133,103.88739758784814,97.71458694355509,61.76247597331525,128.3377341177648,128.1312042383226,95.03813504111274,94.05387382025437,114.30649871911487,76.14264822563433,93.53232475099979,172.64308491131743,153.21220328396674,89.97556860642545,87.48476331777371,116.94307363827662,96.0626062528952,97.9542841774351
2025-03-04,106.93683624706212,109.11117388736228,101.82569714746523,84.24513368518822,119.74110313601817,90.35346468992402,113.75992028837804,99.37571875304242,93.32136084027846,94.85825661466467,94.85173222869015,90.96386744515257,85.09935752726365,89.84611472236796,108.17123394705254,120.67995501719871,125.14861293537327,96.14070310599848,82.11435167607868,107.5547187489985,100.68559983331463,82.55440317532342,115.18503307615275,75.99286015005131,81.77312506570854,74.18465320789493,77.90129532245795,119.8925624212922,86.07120548558348,101.52457266631785,98.28574380352872,63.396319974744166,130.3230448090505,127.0121910790594,95.8862956043473,95.32166289421728,117.39707670279292,76.5144791696597,95.18928133640244,177.1848215802619,154.56532240208998,91.0754854995614,88.63949624560946,119.29119447519614,100.4802870162574,100.41462185621646
2025-03-06,112.88111894544635,116.65065872261742,103.74092281103952,85.6971741080822,123.74337808673599,92.54399161013359,117.8554600802398,101.97577154799404,97.49383177867955,97.5134278530804,98.35245853737881,95.70430323389448,87.70032845874736,91.93133092994049,113.3502518528749,125.03357422961501,128.46894004521877,98.19432811418697,85.81878030198158,115.05539637111788,106.76103034662573,86.2426483373671,116.53530686551296,79.34366423223211,83.92730492694756,77.26118047417732,81.31603795305135,122.38722779133484,89.7982300727488,104.19074666035661,100.70539777606612,65.93587673498385,137.47833780582872,132.27990964541993,98.93130845589408,99.29096734412595,120.44235318798434,80.66020260563702,99.15035113904372,183.233334119923,162.06828670598992,96.49057395966543,92.39260600515092,125.83519244592249,105.61443248880433,107.56477553056203
2025-04-02,109.18663962211212,111.59737024576903,107.86111921005674,89.84284893816941,126.40683456531826,97.40118439230913,120.85773021949012,97.71821717684178,106.02400437882736,100.0944995765378,98.63071071261736,101.23405772053438,92.03326446220215,96.45780851679913,110.98976580460678,129.69724655290446,148.13737008458878,105.02966475885472,88.01106010463732,118.44908270192855,106.34968717425775,86.23153748934348,123.37259651778793,80.15229503912656,82.19635386318585,76.20886247712814,85.42646174072065,131.7971803288959,85.72361201218648,114.06484707955221,101.78420418961605,70.489226022555,145.61722673520046,153.40674383523697,105.92669182925978,104.87125477921089,130.68797199469992,90.43703186090667,108.66938784166021,189.85835509005213,159.48258981990173,103.6547933502931,95.73013319973427,132.78898432653517,101.69753166353485,107.83209719860061
2025-04-03,101.56725033230767,102.30283263566089,106.85305364976894,91.11515625736254,129.0800341402701,97.17996623450229,120.75261169002542,93.35140854931204,107.12902139905493,100.34350743530395,100.67042142371113,102.34827681817134,93.15601112598462,98.29583154143046,111.52265885264407,129.4719120748766,151.94884441055032,105.6668499423372,88.51097659780237,119.69114197689309,114.5759844633188,85.61367293273796,124.25365786857088,81.16205634689854,83.60368851109864,77.42884934116894,84.98768825775274,132.0728844079216,81.6877815017383,115.09700797415242,102.18085556223225,71.25658719224631,146.15119822914934,156.8505777267103,107.18489991341322,103.82903315856629,131.00666573782084,91.68777586958456,109.83340283426386,190.83798168329707,161.1052250122399,105.20969210219918,97.44660183764361,128.172349352147,105.08322421537656,97.86853950256305
2025-04-04,105.34704878598467,106.86124451064485,104.20598453336736,90.7550582574617,124.17754716489205,97.9249609761406,115.44063268196729,89.63788003546007,103.08226543412088,96.6741558937968,98.08241377712704,98.97414780602499,91.14703592301453,96.74915332242132,108.67847979341494,125.60653190988218,146.14953652038636,103.87499733879262,85.967036783698,118.37513646670773,110.90610470381061,82.94853110962467,123.76382362572583,80.46766611079005,81.08430383426743,74.69949727486907,82.98260043122869,131.06901162010715,78.10959282632348,112.0406320057253,99.23320701117328,69.80667342216329,138.27029606566128,154.02327115550867,103.9670182585284,100.7638409726782,122.02885075259628,88.53802659153493,105.39113490492802,181.97856109354717,155.50497351866406,101.77914380356705,94.68728666073656,122.84961682446514,100.83968994326533,96.08515812603949
2025-05-02,108.98909478932384,111.889108605768,110.64245962270881,97.8229154653154,127.64102386292305,103.01541706624278,121.67422429543358,97.60949481655133,103.9768165264089,102.88997905777862,101.99883758463734,99.9504677919209,91.34249258689506,97.77551988741774,119.12056229717498,120.36919936229869,170.6963907050793,112.62405178175325,86.42785875386792,116.85407633749726,116.84092530518839,85.55714933929737,124.78724419758325,82.35962265021806,89.01090092108689,74.60155637957548,94.60187440914642,135.09775984638432,86.3043255804638,117.63175186066957,106.86487959409362,70.60346816669647,139.21979631969555,155.924382732957,103.52329455577183,104.11296643036746,124.82945463856356,94.688439786711,106.45608822455006,173.39966050451625,170.29207127422427,102.5041747424697,95.08043041297996,135.57192129512376,101.70510080572558,105.00731234400581
2025-05-05,112.50695661372741,113.99958910090142,112.1471004279558,97.51163040298178,128.8255108412924,104.38239454376627,123.56756956253494,98.02748318035205,105.44479451346542,103.97772472088427,102.30924582624631,102.03062774849035,92.52951955192876,98.35289791046027,120.35434240892842,122.19568460320758,174.3229015333537,112.49783859563406,87.98861010099324,119.40266961323248,118.05450261506031,86.85238583994627,126.39330971614615,83.39340059308152,90.47169404918101,75.91116077817125,95.87088635654986,136.5643539073529,86.94311137679824,119.51987552041086,108.46139740108637,71.19079035411555,141.54471916225816,160.1970737722645,104.42463406815433,105.7099532129854,127.75045039853295,95.86169076331225,108.13679852295022,174.84683820117735,172.7143865422167,103.87812089384038,96.25077488121845,134.96458980315353,107.07710288879537,104.8099437520707
2025-06-02,108.56157925480292,111.31487711548833,117.2077639115548,100.11772374546231,131.55689489314804,102.37886339903602,136.9267016290514,100.39225758472259,124.05788105870445,114.14168635721737,113.21105615094207,106.57881741442095,98.29429540005216,102.9482445980866,119.29511378295561,126.4484831055079,216.47258867184996,120.32094943465196,94.00799989677625,127.65396621278755,125.38397471518924,93.83226348150201,130.45944037676207,81.64748295423787,86.29494408598596,87.84717047543482,98.88007509216348,137.94375383543056,90.25693812183957,129.83684209374175,111.05884935110127,78.16591625967055,143.14197697157613,177.48499543158022,110.13909040902956,119.09705942235412,129.9845114005762,105.42408193318472,131.23384672152048,171.8165594552242,216.94808571941934,99.21178072088546,97.74785589790163,143.59091880733422,116.02136655643717,107.49274137265677
2025-06-03,103.69240958701862,105.02118698477105,116.64294510187142,99.67413137462987,131.76463631510157,101.80156786090707,135.27522862499958,99.95767818689825,123.69220962290126,116.66649921308897,112.08847603414661,105.11052033758737,97.5677775085519,103.34396061088842,119.84168629531595,125.61438892376833,220.88873833870986,118.80727841419044,94.06565089651473,128.57132779797124,124.85107304369672,94.19014296238979,129.69354358639245,81.45665575649578,85.45212539440432,88.54601358648323,97.73566955750353,138.31487844148404,90.0240896287,129.60167502324856,110.80955866507472,78.09866866223452,144.06671220163355,173.85506144974107,109.57401613737764,120.76407688058161,129.19148806362182,106.05303127363929,130.22733394106737,169.1805267613714,215.37406508388176,99.89228228194473,97.01763073905617,142.74282122965678,114.07640115919303,104.54315993176115
